sample-id,absolute-filepath,direction
Germ_Control_a,/sandbox/users/huet-s-1/microSysMics/16S/fastq/Germ-Control-a_S190.16S.R1.fq,forward
Germ_Control_a,/sandbox/users/huet-s-1/microSysMics/16S/fastq/Germ-Control-a_S190.16S.R2.fq,reverse
Germ_Control_b,/sandbox/users/huet-s-1/microSysMics/16S/fastq/Germ-Control-b_S197.16S.R1.fq,forward
Germ_Control_b,/sandbox/users/huet-s-1/microSysMics/16S/fastq/Germ-Control-b_S197.16S.R2.fq,reverse
Germ_Control_c,/sandbox/users/huet-s-1/microSysMics/16S/fastq/Germ-Control-c_S204.16S.R1.fq,forward
Germ_Control_c,/sandbox/users/huet-s-1/microSysMics/16S/fastq/Germ-Control-c_S204.16S.R2.fq,reverse
Germ_Mock_a,/sandbox/users/huet-s-1/microSysMics/16S/fastq/Germ-Mock-a_S171.16S.R1.fq,forward
Germ_Mock_a,/sandbox/users/huet-s-1/microSysMics/16S/fastq/Germ-Mock-a_S171.16S.R2.fq,reverse
Germ_P2S2_ACN_a,/sandbox/users/huet-s-1/microSysMics/16S/fastq/Germ-P2S2-ACN-a_S165.16S.R1.fq,forward
Germ_P2S2_ACN_a,/sandbox/users/huet-s-1/microSysMics/16S/fastq/Germ-P2S2-ACN-a_S165.16S.R2.fq,reverse
Germ_P2S2_ACN_b,/sandbox/users/huet-s-1/microSysMics/16S/fastq/Germ-P2S2-ACN-b_S166.16S.R1.fq,forward
Germ_P2S2_ACN_b,/sandbox/users/huet-s-1/microSysMics/16S/fastq/Germ-P2S2-ACN-b_S166.16S.R2.fq,reverse
Germ_P2S2_ACN_c,/sandbox/users/huet-s-1/microSysMics/16S/fastq/Germ-P2S2-ACN-c_S167.16S.R1.fq,forward
Germ_P2S2_ACN_c,/sandbox/users/huet-s-1/microSysMics/16S/fastq/Germ-P2S2-ACN-c_S167.16S.R2.fq,reverse
Germ_P2S2_Chanvre_a,/sandbox/users/huet-s-1/microSysMics/16S/fastq/Germ-P2S2-Chanvre-a_S217.16S.R1.fq,forward
Germ_P2S2_Chanvre_a,/sandbox/users/huet-s-1/microSysMics/16S/fastq/Germ-P2S2-Chanvre-a_S217.16S.R2.fq,reverse
Germ_P2S2_Chanvre_b,/sandbox/users/huet-s-1/microSysMics/16S/fastq/Germ-P2S2-Chanvre-b_S218.16S.R1.fq,forward
Germ_P2S2_Chanvre_b,/sandbox/users/huet-s-1/microSysMics/16S/fastq/Germ-P2S2-Chanvre-b_S218.16S.R2.fq,reverse
Germ_P2S2_Chanvre_c,/sandbox/users/huet-s-1/microSysMics/16S/fastq/Germ-P2S2-Chanvre-c_S219.16S.R1.fq,forward
Germ_P2S2_Chanvre_c,/sandbox/users/huet-s-1/microSysMics/16S/fastq/Germ-P2S2-Chanvre-c_S219.16S.R2.fq,reverse
Germ_P2S2_Colza_a,/sandbox/users/huet-s-1/microSysMics/16S/fastq/Germ-P2S2-Colza-a_S191.16S.R1.fq,forward
Germ_P2S2_Colza_a,/sandbox/users/huet-s-1/microSysMics/16S/fastq/Germ-P2S2-Colza-a_S191.16S.R2.fq,reverse
Germ_P2S2_Colza_b,/sandbox/users/huet-s-1/microSysMics/16S/fastq/Germ-P2S2-Colza-b_S192.16S.R1.fq,forward
Germ_P2S2_Colza_b,/sandbox/users/huet-s-1/microSysMics/16S/fastq/Germ-P2S2-Colza-b_S192.16S.R2.fq,reverse
Germ_P2S2_Colza_c,/sandbox/users/huet-s-1/microSysMics/16S/fastq/Germ-P2S2-Colza-c_S193.16S.R1.fq,forward
Germ_P2S2_Colza_c,/sandbox/users/huet-s-1/microSysMics/16S/fastq/Germ-P2S2-Colza-c_S193.16S.R2.fq,reverse
Germ_P2S2_Colza_myro_a,/sandbox/users/huet-s-1/microSysMics/16S/fastq/Germ-P2S2-Colza-myro-a_S194.16S.R1.fq,forward
Germ_P2S2_Colza_myro_a,/sandbox/users/huet-s-1/microSysMics/16S/fastq/Germ-P2S2-Colza-myro-a_S194.16S.R2.fq,reverse
Germ_P2S2_Colza_myro_b,/sandbox/users/huet-s-1/microSysMics/16S/fastq/Germ-P2S2-Colza-myro-b_S195.16S.R1.fq,forward
Germ_P2S2_Colza_myro_b,/sandbox/users/huet-s-1/microSysMics/16S/fastq/Germ-P2S2-Colza-myro-b_S195.16S.R2.fq,reverse
Germ_P2S2_Colza_myro_c,/sandbox/users/huet-s-1/microSysMics/16S/fastq/Germ-P2S2-Colza-myro-c_S196.16S.R1.fq,forward
Germ_P2S2_Colza_myro_c,/sandbox/users/huet-s-1/microSysMics/16S/fastq/Germ-P2S2-Colza-myro-c_S196.16S.R2.fq,reverse
Germ_P2S2_GR24_a,/sandbox/users/huet-s-1/microSysMics/16S/fastq/Germ-P2S2-GR24-a_S168.16S.R1.fq,forward
Germ_P2S2_GR24_a,/sandbox/users/huet-s-1/microSysMics/16S/fastq/Germ-P2S2-GR24-a_S168.16S.R2.fq,reverse
Germ_P2S2_GR24_b,/sandbox/users/huet-s-1/microSysMics/16S/fastq/Germ-P2S2-GR24-b_S169.16S.R1.fq,forward
Germ_P2S2_GR24_b,/sandbox/users/huet-s-1/microSysMics/16S/fastq/Germ-P2S2-GR24-b_S169.16S.R2.fq,reverse
Germ_P2S2_GR24_c,/sandbox/users/huet-s-1/microSysMics/16S/fastq/Germ-P2S2-GR24-c_S170.16S.R1.fq,forward
Germ_P2S2_GR24_c,/sandbox/users/huet-s-1/microSysMics/16S/fastq/Germ-P2S2-GR24-c_S170.16S.R2.fq,reverse
Germ_P2S2_Tabac_a,/sandbox/users/huet-s-1/microSysMics/16S/fastq/Germ-P2S2-Tabac-a_S220.16S.R1.fq,forward
Germ_P2S2_Tabac_a,/sandbox/users/huet-s-1/microSysMics/16S/fastq/Germ-P2S2-Tabac-a_S220.16S.R2.fq,reverse
Germ_P2S2_Tabac_b,/sandbox/users/huet-s-1/microSysMics/16S/fastq/Germ-P2S2-Tabac-b_S221.16S.R1.fq,forward
Germ_P2S2_Tabac_b,/sandbox/users/huet-s-1/microSysMics/16S/fastq/Germ-P2S2-Tabac-b_S221.16S.R2.fq,reverse
Germ_P2S2_Tabac_c,/sandbox/users/huet-s-1/microSysMics/16S/fastq/Germ-P2S2-Tabac-c_S222.16S.R1.fq,forward
Germ_P2S2_Tabac_c,/sandbox/users/huet-s-1/microSysMics/16S/fastq/Germ-P2S2-Tabac-c_S222.16S.R2.fq,reverse
Germ_P3S2_ACN_a,/sandbox/users/huet-s-1/microSysMics/16S/fastq/Germ-P3S2-ACN-a_S172.16S.R1.fq,forward
Germ_P3S2_ACN_a,/sandbox/users/huet-s-1/microSysMics/16S/fastq/Germ-P3S2-ACN-a_S172.16S.R2.fq,reverse
Germ_P3S2_ACN_b,/sandbox/users/huet-s-1/microSysMics/16S/fastq/Germ-P3S2-ACN-b_S173.16S.R1.fq,forward
Germ_P3S2_ACN_b,/sandbox/users/huet-s-1/microSysMics/16S/fastq/Germ-P3S2-ACN-b_S173.16S.R2.fq,reverse
Germ_P3S2_ACN_c,/sandbox/users/huet-s-1/microSysMics/16S/fastq/Germ-P3S2-ACN-c_S174.16S.R1.fq,forward
Germ_P3S2_ACN_c,/sandbox/users/huet-s-1/microSysMics/16S/fastq/Germ-P3S2-ACN-c_S174.16S.R2.fq,reverse
Germ_P3S2_Chanvre_a,/sandbox/users/huet-s-1/microSysMics/16S/fastq/Germ-P3S2-Chanvre-a_S223.16S.R1.fq,forward
Germ_P3S2_Chanvre_a,/sandbox/users/huet-s-1/microSysMics/16S/fastq/Germ-P3S2-Chanvre-a_S223.16S.R2.fq,reverse
Germ_P3S2_Chanvre_b,/sandbox/users/huet-s-1/microSysMics/16S/fastq/Germ-P3S2-Chanvre-b_S224.16S.R1.fq,forward
Germ_P3S2_Chanvre_b,/sandbox/users/huet-s-1/microSysMics/16S/fastq/Germ-P3S2-Chanvre-b_S224.16S.R2.fq,reverse
Germ_P3S2_Chanvre_c,/sandbox/users/huet-s-1/microSysMics/16S/fastq/Germ-P3S2-Chanvre-c_S225.16S.R1.fq,forward
Germ_P3S2_Chanvre_c,/sandbox/users/huet-s-1/microSysMics/16S/fastq/Germ-P3S2-Chanvre-c_S225.16S.R2.fq,reverse
Germ_P3S2_Colza_a,/sandbox/users/huet-s-1/microSysMics/16S/fastq/Germ-P3S2-Colza-a_S198.16S.R1.fq,forward
Germ_P3S2_Colza_a,/sandbox/users/huet-s-1/microSysMics/16S/fastq/Germ-P3S2-Colza-a_S198.16S.R2.fq,reverse
Germ_P3S2_Colza_b,/sandbox/users/huet-s-1/microSysMics/16S/fastq/Germ-P3S2-Colza-b_S199.16S.R1.fq,forward
Germ_P3S2_Colza_b,/sandbox/users/huet-s-1/microSysMics/16S/fastq/Germ-P3S2-Colza-b_S199.16S.R2.fq,reverse
Germ_P3S2_Colza_c,/sandbox/users/huet-s-1/microSysMics/16S/fastq/Germ-P3S2-Colza-c_S200.16S.R1.fq,forward
Germ_P3S2_Colza_c,/sandbox/users/huet-s-1/microSysMics/16S/fastq/Germ-P3S2-Colza-c_S200.16S.R2.fq,reverse
Germ_P3S2_Colza_myro_a,/sandbox/users/huet-s-1/microSysMics/16S/fastq/Germ-P3S2-Colza-myro-a_S201.16S.R1.fq,forward
Germ_P3S2_Colza_myro_a,/sandbox/users/huet-s-1/microSysMics/16S/fastq/Germ-P3S2-Colza-myro-a_S201.16S.R2.fq,reverse
Germ_P3S2_Colza_myro_b,/sandbox/users/huet-s-1/microSysMics/16S/fastq/Germ-P3S2-Colza-myro-b_S202.16S.R1.fq,forward
Germ_P3S2_Colza_myro_b,/sandbox/users/huet-s-1/microSysMics/16S/fastq/Germ-P3S2-Colza-myro-b_S202.16S.R2.fq,reverse
Germ_P3S2_Colza_myro_c,/sandbox/users/huet-s-1/microSysMics/16S/fastq/Germ-P3S2-Colza-myro-c_S203.16S.R1.fq,forward
Germ_P3S2_Colza_myro_c,/sandbox/users/huet-s-1/microSysMics/16S/fastq/Germ-P3S2-Colza-myro-c_S203.16S.R2.fq,reverse
Germ_P3S2_GR24_a,/sandbox/users/huet-s-1/microSysMics/16S/fastq/Germ-P3S2-GR24-a_S175.16S.R1.fq,forward
Germ_P3S2_GR24_a,/sandbox/users/huet-s-1/microSysMics/16S/fastq/Germ-P3S2-GR24-a_S175.16S.R2.fq,reverse
Germ_P3S2_GR24_b,/sandbox/users/huet-s-1/microSysMics/16S/fastq/Germ-P3S2-GR24-b_S176.16S.R1.fq,forward
Germ_P3S2_GR24_b,/sandbox/users/huet-s-1/microSysMics/16S/fastq/Germ-P3S2-GR24-b_S176.16S.R2.fq,reverse
Germ_P3S2_GR24_c,/sandbox/users/huet-s-1/microSysMics/16S/fastq/Germ-P3S2-GR24-c_S177.16S.R1.fq,forward
Germ_P3S2_GR24_c,/sandbox/users/huet-s-1/microSysMics/16S/fastq/Germ-P3S2-GR24-c_S177.16S.R2.fq,reverse
Germ_P3S2_Tabac_a,/sandbox/users/huet-s-1/microSysMics/16S/fastq/Germ-P3S2-Tabac-a_S226.16S.R1.fq,forward
Germ_P3S2_Tabac_a,/sandbox/users/huet-s-1/microSysMics/16S/fastq/Germ-P3S2-Tabac-a_S226.16S.R2.fq,reverse
Germ_P3S2_Tabac_b,/sandbox/users/huet-s-1/microSysMics/16S/fastq/Germ-P3S2-Tabac-b_S227.16S.R1.fq,forward
Germ_P3S2_Tabac_b,/sandbox/users/huet-s-1/microSysMics/16S/fastq/Germ-P3S2-Tabac-b_S227.16S.R2.fq,reverse
Germ_P3S2_Tabac_c,/sandbox/users/huet-s-1/microSysMics/16S/fastq/Germ-P3S2-Tabac-c_S228.16S.R1.fq,forward
Germ_P3S2_Tabac_c,/sandbox/users/huet-s-1/microSysMics/16S/fastq/Germ-P3S2-Tabac-c_S228.16S.R2.fq,reverse
Germ_P4S1_ACN_a,/sandbox/users/huet-s-1/microSysMics/16S/fastq/Germ-P4S1-ACN-a_S178.16S.R1.fq,forward
Germ_P4S1_ACN_a,/sandbox/users/huet-s-1/microSysMics/16S/fastq/Germ-P4S1-ACN-a_S178.16S.R2.fq,reverse
Germ_P4S1_ACN_b,/sandbox/users/huet-s-1/microSysMics/16S/fastq/Germ-P4S1-ACN-b_S179.16S.R1.fq,forward
Germ_P4S1_ACN_b,/sandbox/users/huet-s-1/microSysMics/16S/fastq/Germ-P4S1-ACN-b_S179.16S.R2.fq,reverse
Germ_P4S1_ACN_c,/sandbox/users/huet-s-1/microSysMics/16S/fastq/Germ-P4S1-ACN-c_S180.16S.R1.fq,forward
Germ_P4S1_ACN_c,/sandbox/users/huet-s-1/microSysMics/16S/fastq/Germ-P4S1-ACN-c_S180.16S.R2.fq,reverse
Germ_P4S1_Chanvre_a,/sandbox/users/huet-s-1/microSysMics/16S/fastq/Germ-P4S1-Chanvre-a_S229.16S.R1.fq,forward
Germ_P4S1_Chanvre_a,/sandbox/users/huet-s-1/microSysMics/16S/fastq/Germ-P4S1-Chanvre-a_S229.16S.R2.fq,reverse
Germ_P4S1_Chanvre_b,/sandbox/users/huet-s-1/microSysMics/16S/fastq/Germ-P4S1-Chanvre-b_S230.16S.R1.fq,forward
Germ_P4S1_Chanvre_b,/sandbox/users/huet-s-1/microSysMics/16S/fastq/Germ-P4S1-Chanvre-b_S230.16S.R2.fq,reverse
Germ_P4S1_Chanvre_c,/sandbox/users/huet-s-1/microSysMics/16S/fastq/Germ-P4S1-Chanvre-c_S231.16S.R1.fq,forward
Germ_P4S1_Chanvre_c,/sandbox/users/huet-s-1/microSysMics/16S/fastq/Germ-P4S1-Chanvre-c_S231.16S.R2.fq,reverse
Germ_P4S1_Colza_a,/sandbox/users/huet-s-1/microSysMics/16S/fastq/Germ-P4S1-Colza-a_S205.16S.R1.fq,forward
Germ_P4S1_Colza_a,/sandbox/users/huet-s-1/microSysMics/16S/fastq/Germ-P4S1-Colza-a_S205.16S.R2.fq,reverse
Germ_P4S1_Colza_b,/sandbox/users/huet-s-1/microSysMics/16S/fastq/Germ-P4S1-Colza-b_S206.16S.R1.fq,forward
Germ_P4S1_Colza_b,/sandbox/users/huet-s-1/microSysMics/16S/fastq/Germ-P4S1-Colza-b_S206.16S.R2.fq,reverse
Germ_P4S1_Colza_c,/sandbox/users/huet-s-1/microSysMics/16S/fastq/Germ-P4S1-Colza-c_S207.16S.R1.fq,forward
Germ_P4S1_Colza_c,/sandbox/users/huet-s-1/microSysMics/16S/fastq/Germ-P4S1-Colza-c_S207.16S.R2.fq,reverse
Germ_P4S1_Colza_myro_a,/sandbox/users/huet-s-1/microSysMics/16S/fastq/Germ-P4S1-Colza-myro-a_S208.16S.R1.fq,forward
Germ_P4S1_Colza_myro_a,/sandbox/users/huet-s-1/microSysMics/16S/fastq/Germ-P4S1-Colza-myro-a_S208.16S.R2.fq,reverse
Germ_P4S1_Colza_myro_b,/sandbox/users/huet-s-1/microSysMics/16S/fastq/Germ-P4S1-Colza-myro-b_S209.16S.R1.fq,forward
Germ_P4S1_Colza_myro_b,/sandbox/users/huet-s-1/microSysMics/16S/fastq/Germ-P4S1-Colza-myro-b_S209.16S.R2.fq,reverse
Germ_P4S1_Colza_myro_c,/sandbox/users/huet-s-1/microSysMics/16S/fastq/Germ-P4S1-Colza-myro-c_S210.16S.R1.fq,forward
Germ_P4S1_Colza_myro_c,/sandbox/users/huet-s-1/microSysMics/16S/fastq/Germ-P4S1-Colza-myro-c_S210.16S.R2.fq,reverse
Germ_P4S1_GR24_a,/sandbox/users/huet-s-1/microSysMics/16S/fastq/Germ-P4S1-GR24-a_S181.16S.R1.fq,forward
Germ_P4S1_GR24_a,/sandbox/users/huet-s-1/microSysMics/16S/fastq/Germ-P4S1-GR24-a_S181.16S.R2.fq,reverse
Germ_P4S1_GR24_b,/sandbox/users/huet-s-1/microSysMics/16S/fastq/Germ-P4S1-GR24-b_S182.16S.R1.fq,forward
Germ_P4S1_GR24_b,/sandbox/users/huet-s-1/microSysMics/16S/fastq/Germ-P4S1-GR24-b_S182.16S.R2.fq,reverse
Germ_P4S1_GR24_c,/sandbox/users/huet-s-1/microSysMics/16S/fastq/Germ-P4S1-GR24-c_S183.16S.R1.fq,forward
Germ_P4S1_GR24_c,/sandbox/users/huet-s-1/microSysMics/16S/fastq/Germ-P4S1-GR24-c_S183.16S.R2.fq,reverse
Germ_P4S1_Tabac_a,/sandbox/users/huet-s-1/microSysMics/16S/fastq/Germ-P4S1-Tabac-a_S232.16S.R1.fq,forward
Germ_P4S1_Tabac_a,/sandbox/users/huet-s-1/microSysMics/16S/fastq/Germ-P4S1-Tabac-a_S232.16S.R2.fq,reverse
Germ_P4S1_Tabac_b,/sandbox/users/huet-s-1/microSysMics/16S/fastq/Germ-P4S1-Tabac-b_S233.16S.R1.fq,forward
Germ_P4S1_Tabac_b,/sandbox/users/huet-s-1/microSysMics/16S/fastq/Germ-P4S1-Tabac-b_S233.16S.R2.fq,reverse
Germ_P4S1_Tabac_c,/sandbox/users/huet-s-1/microSysMics/16S/fastq/Germ-P4S1-Tabac-c_S234.16S.R1.fq,forward
Germ_P4S1_Tabac_c,/sandbox/users/huet-s-1/microSysMics/16S/fastq/Germ-P4S1-Tabac-c_S234.16S.R2.fq,reverse
Germ_P6S1_ACN_a,/sandbox/users/huet-s-1/microSysMics/16S/fastq/Germ-P6S1-ACN-a_S184.16S.R1.fq,forward
Germ_P6S1_ACN_a,/sandbox/users/huet-s-1/microSysMics/16S/fastq/Germ-P6S1-ACN-a_S184.16S.R2.fq,reverse
Germ_P6S1_ACN_b,/sandbox/users/huet-s-1/microSysMics/16S/fastq/Germ-P6S1-ACN-b_S185.16S.R1.fq,forward
Germ_P6S1_ACN_b,/sandbox/users/huet-s-1/microSysMics/16S/fastq/Germ-P6S1-ACN-b_S185.16S.R2.fq,reverse
Germ_P6S1_ACN_c,/sandbox/users/huet-s-1/microSysMics/16S/fastq/Germ-P6S1-ACN-c_S186.16S.R1.fq,forward
Germ_P6S1_ACN_c,/sandbox/users/huet-s-1/microSysMics/16S/fastq/Germ-P6S1-ACN-c_S186.16S.R2.fq,reverse
Germ_P6S1_Chanvre_a,/sandbox/users/huet-s-1/microSysMics/16S/fastq/Germ-P6S1-Chanvre-a_S235.16S.R1.fq,forward
Germ_P6S1_Chanvre_a,/sandbox/users/huet-s-1/microSysMics/16S/fastq/Germ-P6S1-Chanvre-a_S235.16S.R2.fq,reverse
Germ_P6S1_Chanvre_b,/sandbox/users/huet-s-1/microSysMics/16S/fastq/Germ-P6S1-Chanvre-b_S236.16S.R1.fq,forward
Germ_P6S1_Chanvre_b,/sandbox/users/huet-s-1/microSysMics/16S/fastq/Germ-P6S1-Chanvre-b_S236.16S.R2.fq,reverse
Germ_P6S1_Chanvre_c,/sandbox/users/huet-s-1/microSysMics/16S/fastq/Germ-P6S1-Chanvre-c_S237.16S.R1.fq,forward
Germ_P6S1_Chanvre_c,/sandbox/users/huet-s-1/microSysMics/16S/fastq/Germ-P6S1-Chanvre-c_S237.16S.R2.fq,reverse
Germ_P6S1_Colza_a,/sandbox/users/huet-s-1/microSysMics/16S/fastq/Germ-P6S1-Colza-a_S211.16S.R1.fq,forward
Germ_P6S1_Colza_a,/sandbox/users/huet-s-1/microSysMics/16S/fastq/Germ-P6S1-Colza-a_S211.16S.R2.fq,reverse
Germ_P6S1_Colza_b,/sandbox/users/huet-s-1/microSysMics/16S/fastq/Germ-P6S1-Colza-b_S212.16S.R1.fq,forward
Germ_P6S1_Colza_b,/sandbox/users/huet-s-1/microSysMics/16S/fastq/Germ-P6S1-Colza-b_S212.16S.R2.fq,reverse
Germ_P6S1_Colza_c,/sandbox/users/huet-s-1/microSysMics/16S/fastq/Germ-P6S1-Colza-c_S213.16S.R1.fq,forward
Germ_P6S1_Colza_c,/sandbox/users/huet-s-1/microSysMics/16S/fastq/Germ-P6S1-Colza-c_S213.16S.R2.fq,reverse
Germ_P6S1_Colza_myro_a,/sandbox/users/huet-s-1/microSysMics/16S/fastq/Germ-P6S1-Colza-myro-a_S214.16S.R1.fq,forward
Germ_P6S1_Colza_myro_a,/sandbox/users/huet-s-1/microSysMics/16S/fastq/Germ-P6S1-Colza-myro-a_S214.16S.R2.fq,reverse
Germ_P6S1_Colza_myro_b,/sandbox/users/huet-s-1/microSysMics/16S/fastq/Germ-P6S1-Colza-myro-b_S215.16S.R1.fq,forward
Germ_P6S1_Colza_myro_b,/sandbox/users/huet-s-1/microSysMics/16S/fastq/Germ-P6S1-Colza-myro-b_S215.16S.R2.fq,reverse
Germ_P6S1_Colza_myro_c,/sandbox/users/huet-s-1/microSysMics/16S/fastq/Germ-P6S1-Colza-myro-c_S216.16S.R1.fq,forward
Germ_P6S1_Colza_myro_c,/sandbox/users/huet-s-1/microSysMics/16S/fastq/Germ-P6S1-Colza-myro-c_S216.16S.R2.fq,reverse
Germ_P6S1_GR24_a,/sandbox/users/huet-s-1/microSysMics/16S/fastq/Germ-P6S1-GR24-a_S187.16S.R1.fq,forward
Germ_P6S1_GR24_a,/sandbox/users/huet-s-1/microSysMics/16S/fastq/Germ-P6S1-GR24-a_S187.16S.R2.fq,reverse
Germ_P6S1_GR24_b,/sandbox/users/huet-s-1/microSysMics/16S/fastq/Germ-P6S1-GR24-b_S188.16S.R1.fq,forward
Germ_P6S1_GR24_b,/sandbox/users/huet-s-1/microSysMics/16S/fastq/Germ-P6S1-GR24-b_S188.16S.R2.fq,reverse
Germ_P6S1_GR24_c,/sandbox/users/huet-s-1/microSysMics/16S/fastq/Germ-P6S1-GR24-c_S189.16S.R1.fq,forward
Germ_P6S1_GR24_c,/sandbox/users/huet-s-1/microSysMics/16S/fastq/Germ-P6S1-GR24-c_S189.16S.R2.fq,reverse
Germ_P6S1_Tabac_a,/sandbox/users/huet-s-1/microSysMics/16S/fastq/Germ-P6S1-Tabac-a_S238.16S.R1.fq,forward
Germ_P6S1_Tabac_a,/sandbox/users/huet-s-1/microSysMics/16S/fastq/Germ-P6S1-Tabac-a_S238.16S.R2.fq,reverse
Germ_P6S1_Tabac_b,/sandbox/users/huet-s-1/microSysMics/16S/fastq/Germ-P6S1-Tabac-b_S239.16S.R1.fq,forward
Germ_P6S1_Tabac_b,/sandbox/users/huet-s-1/microSysMics/16S/fastq/Germ-P6S1-Tabac-b_S239.16S.R2.fq,reverse
Germ_P6S1_Tabac_c,/sandbox/users/huet-s-1/microSysMics/16S/fastq/Germ-P6S1-Tabac-c_S240.16S.R1.fq,forward
Germ_P6S1_Tabac_c,/sandbox/users/huet-s-1/microSysMics/16S/fastq/Germ-P6S1-Tabac-c_S240.16S.R2.fq,reverse
Seed_Control_a,/sandbox/users/huet-s-1/microSysMics/16S/fastq/Seed-Control-a_S80.16S.R1.fq,forward
Seed_Control_a,/sandbox/users/huet-s-1/microSysMics/16S/fastq/Seed-Control-a_S80.16S.R2.fq,reverse
Seed_H2O_a,/sandbox/users/huet-s-1/microSysMics/16S/fastq/Seed-H2O-a_S8.16S.R1.fq,forward
Seed_H2O_a,/sandbox/users/huet-s-1/microSysMics/16S/fastq/Seed-H2O-a_S8.16S.R2.fq,reverse
Seed_H2O_b,/sandbox/users/huet-s-1/microSysMics/16S/fastq/Seed-H2O-b_S16.16S.R1.fq,forward
Seed_H2O_b,/sandbox/users/huet-s-1/microSysMics/16S/fastq/Seed-H2O-b_S16.16S.R2.fq,reverse
Seed_H2O_c,/sandbox/users/huet-s-1/microSysMics/16S/fastq/Seed-H2O-c_S24.16S.R1.fq,forward
Seed_H2O_c,/sandbox/users/huet-s-1/microSysMics/16S/fastq/Seed-H2O-c_S24.16S.R2.fq,reverse
Seed_Mock_a,/sandbox/users/huet-s-1/microSysMics/16S/fastq/Seed-Mock-a_S79.16S.R1.fq,forward
Seed_Mock_a,/sandbox/users/huet-s-1/microSysMics/16S/fastq/Seed-Mock-a_S79.16S.R2.fq,reverse
Seed_P1S1_a,/sandbox/users/huet-s-1/microSysMics/16S/fastq/Seed-P1S1-a_S1.16S.R1.fq,forward
Seed_P1S1_a,/sandbox/users/huet-s-1/microSysMics/16S/fastq/Seed-P1S1-a_S1.16S.R2.fq,reverse
Seed_P1S1_b,/sandbox/users/huet-s-1/microSysMics/16S/fastq/Seed-P1S1-b_S9.16S.R1.fq,forward
Seed_P1S1_b,/sandbox/users/huet-s-1/microSysMics/16S/fastq/Seed-P1S1-b_S9.16S.R2.fq,reverse
Seed_P1S1_c,/sandbox/users/huet-s-1/microSysMics/16S/fastq/Seed-P1S1-c_S17.16S.R1.fq,forward
Seed_P1S1_c,/sandbox/users/huet-s-1/microSysMics/16S/fastq/Seed-P1S1-c_S17.16S.R2.fq,reverse
Seed_P1S2_a,/sandbox/users/huet-s-1/microSysMics/16S/fastq/Seed-P1S2-a_S25.16S.R1.fq,forward
Seed_P1S2_a,/sandbox/users/huet-s-1/microSysMics/16S/fastq/Seed-P1S2-a_S25.16S.R2.fq,reverse
Seed_P1S2_b,/sandbox/users/huet-s-1/microSysMics/16S/fastq/Seed-P1S2-b_S33.16S.R1.fq,forward
Seed_P1S2_b,/sandbox/users/huet-s-1/microSysMics/16S/fastq/Seed-P1S2-b_S33.16S.R2.fq,reverse
Seed_P1S2_c,/sandbox/users/huet-s-1/microSysMics/16S/fastq/Seed-P1S2-c_S41.16S.R1.fq,forward
Seed_P1S2_c,/sandbox/users/huet-s-1/microSysMics/16S/fastq/Seed-P1S2-c_S41.16S.R2.fq,reverse
Seed_P1S3_a,/sandbox/users/huet-s-1/microSysMics/16S/fastq/Seed-P1S3-a_S49.16S.R1.fq,forward
Seed_P1S3_a,/sandbox/users/huet-s-1/microSysMics/16S/fastq/Seed-P1S3-a_S49.16S.R2.fq,reverse
Seed_P1S3_b,/sandbox/users/huet-s-1/microSysMics/16S/fastq/Seed-P1S3-b_S57.16S.R1.fq,forward
Seed_P1S3_b,/sandbox/users/huet-s-1/microSysMics/16S/fastq/Seed-P1S3-b_S57.16S.R2.fq,reverse
Seed_P1S3_c,/sandbox/users/huet-s-1/microSysMics/16S/fastq/Seed-P1S3-c_S65.16S.R1.fq,forward
Seed_P1S3_c,/sandbox/users/huet-s-1/microSysMics/16S/fastq/Seed-P1S3-c_S65.16S.R2.fq,reverse
Seed_P1S4_a,/sandbox/users/huet-s-1/microSysMics/16S/fastq/Seed-P1S4-a_S73.16S.R1.fq,forward
Seed_P1S4_a,/sandbox/users/huet-s-1/microSysMics/16S/fastq/Seed-P1S4-a_S73.16S.R2.fq,reverse
Seed_P1S4_b,/sandbox/users/huet-s-1/microSysMics/16S/fastq/Seed-P1S4-b_S81.16S.R1.fq,forward
Seed_P1S4_b,/sandbox/users/huet-s-1/microSysMics/16S/fastq/Seed-P1S4-b_S81.16S.R2.fq,reverse
Seed_P1S4_c,/sandbox/users/huet-s-1/microSysMics/16S/fastq/Seed-P1S4-c_S88.16S.R1.fq,forward
Seed_P1S4_c,/sandbox/users/huet-s-1/microSysMics/16S/fastq/Seed-P1S4-c_S88.16S.R2.fq,reverse
Seed_P2S1_a,/sandbox/users/huet-s-1/microSysMics/16S/fastq/Seed-P2S1-a_S2.16S.R1.fq,forward
Seed_P2S1_a,/sandbox/users/huet-s-1/microSysMics/16S/fastq/Seed-P2S1-a_S2.16S.R2.fq,reverse
Seed_P2S1_b,/sandbox/users/huet-s-1/microSysMics/16S/fastq/Seed-P2S1-b_S10.16S.R1.fq,forward
Seed_P2S1_b,/sandbox/users/huet-s-1/microSysMics/16S/fastq/Seed-P2S1-b_S10.16S.R2.fq,reverse
Seed_P2S1_c,/sandbox/users/huet-s-1/microSysMics/16S/fastq/Seed-P2S1-c_S18.16S.R1.fq,forward
Seed_P2S1_c,/sandbox/users/huet-s-1/microSysMics/16S/fastq/Seed-P2S1-c_S18.16S.R2.fq,reverse
Seed_P2S2_a,/sandbox/users/huet-s-1/microSysMics/16S/fastq/Seed-P2S2-a_S26.16S.R1.fq,forward
Seed_P2S2_a,/sandbox/users/huet-s-1/microSysMics/16S/fastq/Seed-P2S2-a_S26.16S.R2.fq,reverse
Seed_P2S2_b,/sandbox/users/huet-s-1/microSysMics/16S/fastq/Seed-P2S2-b_S34.16S.R1.fq,forward
Seed_P2S2_b,/sandbox/users/huet-s-1/microSysMics/16S/fastq/Seed-P2S2-b_S34.16S.R2.fq,reverse
Seed_P2S2_c,/sandbox/users/huet-s-1/microSysMics/16S/fastq/Seed-P2S2-c_S42.16S.R1.fq,forward
Seed_P2S2_c,/sandbox/users/huet-s-1/microSysMics/16S/fastq/Seed-P2S2-c_S42.16S.R2.fq,reverse
Seed_P2S3_a,/sandbox/users/huet-s-1/microSysMics/16S/fastq/Seed-P2S3-a_S50.16S.R1.fq,forward
Seed_P2S3_a,/sandbox/users/huet-s-1/microSysMics/16S/fastq/Seed-P2S3-a_S50.16S.R2.fq,reverse
Seed_P2S3_b,/sandbox/users/huet-s-1/microSysMics/16S/fastq/Seed-P2S3-b_S58.16S.R1.fq,forward
Seed_P2S3_b,/sandbox/users/huet-s-1/microSysMics/16S/fastq/Seed-P2S3-b_S58.16S.R2.fq,reverse
Seed_P2S3_c,/sandbox/users/huet-s-1/microSysMics/16S/fastq/Seed-P2S3-c_S66.16S.R1.fq,forward
Seed_P2S3_c,/sandbox/users/huet-s-1/microSysMics/16S/fastq/Seed-P2S3-c_S66.16S.R2.fq,reverse
Seed_P2S4_a,/sandbox/users/huet-s-1/microSysMics/16S/fastq/Seed-P2S4-a_S74.16S.R1.fq,forward
Seed_P2S4_a,/sandbox/users/huet-s-1/microSysMics/16S/fastq/Seed-P2S4-a_S74.16S.R2.fq,reverse
Seed_P2S4_b,/sandbox/users/huet-s-1/microSysMics/16S/fastq/Seed-P2S4-b_S82.16S.R1.fq,forward
Seed_P2S4_b,/sandbox/users/huet-s-1/microSysMics/16S/fastq/Seed-P2S4-b_S82.16S.R2.fq,reverse
Seed_P2S4_c,/sandbox/users/huet-s-1/microSysMics/16S/fastq/Seed-P2S4-c_S89.16S.R1.fq,forward
Seed_P2S4_c,/sandbox/users/huet-s-1/microSysMics/16S/fastq/Seed-P2S4-c_S89.16S.R2.fq,reverse
Seed_P3S1_a,/sandbox/users/huet-s-1/microSysMics/16S/fastq/Seed-P3S1-a_S3.16S.R1.fq,forward
Seed_P3S1_a,/sandbox/users/huet-s-1/microSysMics/16S/fastq/Seed-P3S1-a_S3.16S.R2.fq,reverse
Seed_P3S1_b,/sandbox/users/huet-s-1/microSysMics/16S/fastq/Seed-P3S1-b_S11.16S.R1.fq,forward
Seed_P3S1_b,/sandbox/users/huet-s-1/microSysMics/16S/fastq/Seed-P3S1-b_S11.16S.R2.fq,reverse
Seed_P3S1_c,/sandbox/users/huet-s-1/microSysMics/16S/fastq/Seed-P3S1-c_S19.16S.R1.fq,forward
Seed_P3S1_c,/sandbox/users/huet-s-1/microSysMics/16S/fastq/Seed-P3S1-c_S19.16S.R2.fq,reverse
Seed_P3S2_a,/sandbox/users/huet-s-1/microSysMics/16S/fastq/Seed-P3S2-a_S27.16S.R1.fq,forward
Seed_P3S2_a,/sandbox/users/huet-s-1/microSysMics/16S/fastq/Seed-P3S2-a_S27.16S.R2.fq,reverse
Seed_P3S2_b,/sandbox/users/huet-s-1/microSysMics/16S/fastq/Seed-P3S2-b_S35.16S.R1.fq,forward
Seed_P3S2_b,/sandbox/users/huet-s-1/microSysMics/16S/fastq/Seed-P3S2-b_S35.16S.R2.fq,reverse
Seed_P3S2_c,/sandbox/users/huet-s-1/microSysMics/16S/fastq/Seed-P3S2-c_S43.16S.R1.fq,forward
Seed_P3S2_c,/sandbox/users/huet-s-1/microSysMics/16S/fastq/Seed-P3S2-c_S43.16S.R2.fq,reverse
Seed_P3S3_a,/sandbox/users/huet-s-1/microSysMics/16S/fastq/Seed-P3S3-a_S51.16S.R1.fq,forward
Seed_P3S3_a,/sandbox/users/huet-s-1/microSysMics/16S/fastq/Seed-P3S3-a_S51.16S.R2.fq,reverse
Seed_P3S3_b,/sandbox/users/huet-s-1/microSysMics/16S/fastq/Seed-P3S3-b_S59.16S.R1.fq,forward
Seed_P3S3_b,/sandbox/users/huet-s-1/microSysMics/16S/fastq/Seed-P3S3-b_S59.16S.R2.fq,reverse
Seed_P3S3_c,/sandbox/users/huet-s-1/microSysMics/16S/fastq/Seed-P3S3-c_S67.16S.R1.fq,forward
Seed_P3S3_c,/sandbox/users/huet-s-1/microSysMics/16S/fastq/Seed-P3S3-c_S67.16S.R2.fq,reverse
Seed_P3S4_a,/sandbox/users/huet-s-1/microSysMics/16S/fastq/Seed-P3S4-a_S75.16S.R1.fq,forward
Seed_P3S4_a,/sandbox/users/huet-s-1/microSysMics/16S/fastq/Seed-P3S4-a_S75.16S.R2.fq,reverse
Seed_P3S4_b,/sandbox/users/huet-s-1/microSysMics/16S/fastq/Seed-P3S4-b_S83.16S.R1.fq,forward
Seed_P3S4_b,/sandbox/users/huet-s-1/microSysMics/16S/fastq/Seed-P3S4-b_S83.16S.R2.fq,reverse
Seed_P3S4_c,/sandbox/users/huet-s-1/microSysMics/16S/fastq/Seed-P3S4-c_S90.16S.R1.fq,forward
Seed_P3S4_c,/sandbox/users/huet-s-1/microSysMics/16S/fastq/Seed-P3S4-c_S90.16S.R2.fq,reverse
Seed_P3S5_a,/sandbox/users/huet-s-1/microSysMics/16S/fastq/Seed-P3S5-a_S4.16S.R1.fq,forward
Seed_P3S5_a,/sandbox/users/huet-s-1/microSysMics/16S/fastq/Seed-P3S5-a_S4.16S.R2.fq,reverse
Seed_P3S5_b,/sandbox/users/huet-s-1/microSysMics/16S/fastq/Seed-P3S5-b_S12.16S.R1.fq,forward
Seed_P3S5_b,/sandbox/users/huet-s-1/microSysMics/16S/fastq/Seed-P3S5-b_S12.16S.R2.fq,reverse
Seed_P3S5_c,/sandbox/users/huet-s-1/microSysMics/16S/fastq/Seed-P3S5-c_S20.16S.R1.fq,forward
Seed_P3S5_c,/sandbox/users/huet-s-1/microSysMics/16S/fastq/Seed-P3S5-c_S20.16S.R2.fq,reverse
Seed_P4S1_a,/sandbox/users/huet-s-1/microSysMics/16S/fastq/Seed-P4S1-a_S28.16S.R1.fq,forward
Seed_P4S1_a,/sandbox/users/huet-s-1/microSysMics/16S/fastq/Seed-P4S1-a_S28.16S.R2.fq,reverse
Seed_P4S1_b,/sandbox/users/huet-s-1/microSysMics/16S/fastq/Seed-P4S1-b_S36.16S.R1.fq,forward
Seed_P4S1_b,/sandbox/users/huet-s-1/microSysMics/16S/fastq/Seed-P4S1-b_S36.16S.R2.fq,reverse
Seed_P4S1_c,/sandbox/users/huet-s-1/microSysMics/16S/fastq/Seed-P4S1-c_S44.16S.R1.fq,forward
Seed_P4S1_c,/sandbox/users/huet-s-1/microSysMics/16S/fastq/Seed-P4S1-c_S44.16S.R2.fq,reverse
Seed_P4S2_a,/sandbox/users/huet-s-1/microSysMics/16S/fastq/Seed-P4S2-a_S52.16S.R1.fq,forward
Seed_P4S2_a,/sandbox/users/huet-s-1/microSysMics/16S/fastq/Seed-P4S2-a_S52.16S.R2.fq,reverse
Seed_P4S2_b,/sandbox/users/huet-s-1/microSysMics/16S/fastq/Seed-P4S2-b_S60.16S.R1.fq,forward
Seed_P4S2_b,/sandbox/users/huet-s-1/microSysMics/16S/fastq/Seed-P4S2-b_S60.16S.R2.fq,reverse
Seed_P4S2_c,/sandbox/users/huet-s-1/microSysMics/16S/fastq/Seed-P4S2-c_S68.16S.R1.fq,forward
Seed_P4S2_c,/sandbox/users/huet-s-1/microSysMics/16S/fastq/Seed-P4S2-c_S68.16S.R2.fq,reverse
Seed_P4S3_a,/sandbox/users/huet-s-1/microSysMics/16S/fastq/Seed-P4S3-a_S76.16S.R1.fq,forward
Seed_P4S3_a,/sandbox/users/huet-s-1/microSysMics/16S/fastq/Seed-P4S3-a_S76.16S.R2.fq,reverse
Seed_P4S3_b,/sandbox/users/huet-s-1/microSysMics/16S/fastq/Seed-P4S3-b_S84.16S.R1.fq,forward
Seed_P4S3_b,/sandbox/users/huet-s-1/microSysMics/16S/fastq/Seed-P4S3-b_S84.16S.R2.fq,reverse
Seed_P4S3_c,/sandbox/users/huet-s-1/microSysMics/16S/fastq/Seed-P4S3-c_S91.16S.R1.fq,forward
Seed_P4S3_c,/sandbox/users/huet-s-1/microSysMics/16S/fastq/Seed-P4S3-c_S91.16S.R2.fq,reverse
Seed_P4S4_a,/sandbox/users/huet-s-1/microSysMics/16S/fastq/Seed-P4S4-a_S5.16S.R1.fq,forward
Seed_P4S4_a,/sandbox/users/huet-s-1/microSysMics/16S/fastq/Seed-P4S4-a_S5.16S.R2.fq,reverse
Seed_P4S4_b,/sandbox/users/huet-s-1/microSysMics/16S/fastq/Seed-P4S4-b_S13.16S.R1.fq,forward
Seed_P4S4_b,/sandbox/users/huet-s-1/microSysMics/16S/fastq/Seed-P4S4-b_S13.16S.R2.fq,reverse
Seed_P4S4_c,/sandbox/users/huet-s-1/microSysMics/16S/fastq/Seed-P4S4-c_S21.16S.R1.fq,forward
Seed_P4S4_c,/sandbox/users/huet-s-1/microSysMics/16S/fastq/Seed-P4S4-c_S21.16S.R2.fq,reverse
Seed_P5S1_a,/sandbox/users/huet-s-1/microSysMics/16S/fastq/Seed-P5S1-a_S29.16S.R1.fq,forward
Seed_P5S1_a,/sandbox/users/huet-s-1/microSysMics/16S/fastq/Seed-P5S1-a_S29.16S.R2.fq,reverse
Seed_P5S1_b,/sandbox/users/huet-s-1/microSysMics/16S/fastq/Seed-P5S1-b_S37.16S.R1.fq,forward
Seed_P5S1_b,/sandbox/users/huet-s-1/microSysMics/16S/fastq/Seed-P5S1-b_S37.16S.R2.fq,reverse
Seed_P5S1_c,/sandbox/users/huet-s-1/microSysMics/16S/fastq/Seed-P5S1-c_S45.16S.R1.fq,forward
Seed_P5S1_c,/sandbox/users/huet-s-1/microSysMics/16S/fastq/Seed-P5S1-c_S45.16S.R2.fq,reverse
Seed_P5S2_a,/sandbox/users/huet-s-1/microSysMics/16S/fastq/Seed-P5S2-a_S53.16S.R1.fq,forward
Seed_P5S2_a,/sandbox/users/huet-s-1/microSysMics/16S/fastq/Seed-P5S2-a_S53.16S.R2.fq,reverse
Seed_P5S2_b,/sandbox/users/huet-s-1/microSysMics/16S/fastq/Seed-P5S2-b_S61.16S.R1.fq,forward
Seed_P5S2_b,/sandbox/users/huet-s-1/microSysMics/16S/fastq/Seed-P5S2-b_S61.16S.R2.fq,reverse
Seed_P5S2_c,/sandbox/users/huet-s-1/microSysMics/16S/fastq/Seed-P5S2-c_S69.16S.R1.fq,forward
Seed_P5S2_c,/sandbox/users/huet-s-1/microSysMics/16S/fastq/Seed-P5S2-c_S69.16S.R2.fq,reverse
Seed_P6S1_a,/sandbox/users/huet-s-1/microSysMics/16S/fastq/Seed-P6S1-a_S77.16S.R1.fq,forward
Seed_P6S1_a,/sandbox/users/huet-s-1/microSysMics/16S/fastq/Seed-P6S1-a_S77.16S.R2.fq,reverse
Seed_P6S1_b,/sandbox/users/huet-s-1/microSysMics/16S/fastq/Seed-P6S1-b_S85.16S.R1.fq,forward
Seed_P6S1_b,/sandbox/users/huet-s-1/microSysMics/16S/fastq/Seed-P6S1-b_S85.16S.R2.fq,reverse
Seed_P6S1_c,/sandbox/users/huet-s-1/microSysMics/16S/fastq/Seed-P6S1-c_S92.16S.R1.fq,forward
Seed_P6S1_c,/sandbox/users/huet-s-1/microSysMics/16S/fastq/Seed-P6S1-c_S92.16S.R2.fq,reverse
Seed_P6S2_a,/sandbox/users/huet-s-1/microSysMics/16S/fastq/Seed-P6S2-a_S6.16S.R1.fq,forward
Seed_P6S2_a,/sandbox/users/huet-s-1/microSysMics/16S/fastq/Seed-P6S2-a_S6.16S.R2.fq,reverse
Seed_P6S2_b,/sandbox/users/huet-s-1/microSysMics/16S/fastq/Seed-P6S2-b_S14.16S.R1.fq,forward
Seed_P6S2_b,/sandbox/users/huet-s-1/microSysMics/16S/fastq/Seed-P6S2-b_S14.16S.R2.fq,reverse
Seed_P6S2_c,/sandbox/users/huet-s-1/microSysMics/16S/fastq/Seed-P6S2-c_S22.16S.R1.fq,forward
Seed_P6S2_c,/sandbox/users/huet-s-1/microSysMics/16S/fastq/Seed-P6S2-c_S22.16S.R2.fq,reverse
Seed_P6S3_a,/sandbox/users/huet-s-1/microSysMics/16S/fastq/Seed-P6S3-a_S30.16S.R1.fq,forward
Seed_P6S3_a,/sandbox/users/huet-s-1/microSysMics/16S/fastq/Seed-P6S3-a_S30.16S.R2.fq,reverse
Seed_P6S3_b,/sandbox/users/huet-s-1/microSysMics/16S/fastq/Seed-P6S3-b_S38.16S.R1.fq,forward
Seed_P6S3_b,/sandbox/users/huet-s-1/microSysMics/16S/fastq/Seed-P6S3-b_S38.16S.R2.fq,reverse
Seed_P6S3_c,/sandbox/users/huet-s-1/microSysMics/16S/fastq/Seed-P6S3-c_S46.16S.R1.fq,forward
Seed_P6S3_c,/sandbox/users/huet-s-1/microSysMics/16S/fastq/Seed-P6S3-c_S46.16S.R2.fq,reverse
Seed_P7S1_a,/sandbox/users/huet-s-1/microSysMics/16S/fastq/Seed-P7S1-a_S54.16S.R1.fq,forward
Seed_P7S1_a,/sandbox/users/huet-s-1/microSysMics/16S/fastq/Seed-P7S1-a_S54.16S.R2.fq,reverse
Seed_P7S1_b,/sandbox/users/huet-s-1/microSysMics/16S/fastq/Seed-P7S1-b_S62.16S.R1.fq,forward
Seed_P7S1_b,/sandbox/users/huet-s-1/microSysMics/16S/fastq/Seed-P7S1-b_S62.16S.R2.fq,reverse
Seed_P7S1_c,/sandbox/users/huet-s-1/microSysMics/16S/fastq/Seed-P7S1-c_S70.16S.R1.fq,forward
Seed_P7S1_c,/sandbox/users/huet-s-1/microSysMics/16S/fastq/Seed-P7S1-c_S70.16S.R2.fq,reverse
Seed_P7S2_a,/sandbox/users/huet-s-1/microSysMics/16S/fastq/Seed-P7S2-a_S78.16S.R1.fq,forward
Seed_P7S2_a,/sandbox/users/huet-s-1/microSysMics/16S/fastq/Seed-P7S2-a_S78.16S.R2.fq,reverse
Seed_P7S2_b,/sandbox/users/huet-s-1/microSysMics/16S/fastq/Seed-P7S2-b_S86.16S.R1.fq,forward
Seed_P7S2_b,/sandbox/users/huet-s-1/microSysMics/16S/fastq/Seed-P7S2-b_S86.16S.R2.fq,reverse
Seed_P7S2_c,/sandbox/users/huet-s-1/microSysMics/16S/fastq/Seed-P7S2-c_S93.16S.R1.fq,forward
Seed_P7S2_c,/sandbox/users/huet-s-1/microSysMics/16S/fastq/Seed-P7S2-c_S93.16S.R2.fq,reverse
Seed_P7S3_a,/sandbox/users/huet-s-1/microSysMics/16S/fastq/Seed-P7S3-a_S7.16S.R1.fq,forward
Seed_P7S3_a,/sandbox/users/huet-s-1/microSysMics/16S/fastq/Seed-P7S3-a_S7.16S.R2.fq,reverse
Seed_P7S3_b,/sandbox/users/huet-s-1/microSysMics/16S/fastq/Seed-P7S3-b_S15.16S.R1.fq,forward
Seed_P7S3_b,/sandbox/users/huet-s-1/microSysMics/16S/fastq/Seed-P7S3-b_S15.16S.R2.fq,reverse
Seed_P7S3_c,/sandbox/users/huet-s-1/microSysMics/16S/fastq/Seed-P7S3-c_S23.16S.R1.fq,forward
Seed_P7S3_c,/sandbox/users/huet-s-1/microSysMics/16S/fastq/Seed-P7S3-c_S23.16S.R2.fq,reverse
Seed_P7S4_a,/sandbox/users/huet-s-1/microSysMics/16S/fastq/Seed-P7S4-a_S31.16S.R1.fq,forward
Seed_P7S4_a,/sandbox/users/huet-s-1/microSysMics/16S/fastq/Seed-P7S4-a_S31.16S.R2.fq,reverse
Seed_P7S4_b,/sandbox/users/huet-s-1/microSysMics/16S/fastq/Seed-P7S4-b_S39.16S.R1.fq,forward
Seed_P7S4_b,/sandbox/users/huet-s-1/microSysMics/16S/fastq/Seed-P7S4-b_S39.16S.R2.fq,reverse
Seed_P7S4_c,/sandbox/users/huet-s-1/microSysMics/16S/fastq/Seed-P7S4-c_S47.16S.R1.fq,forward
Seed_P7S4_c,/sandbox/users/huet-s-1/microSysMics/16S/fastq/Seed-P7S4-c_S47.16S.R2.fq,reverse
Seed_PBS_a,/sandbox/users/huet-s-1/microSysMics/16S/fastq/Seed-PBS-a_S55.16S.R1.fq,forward
Seed_PBS_a,/sandbox/users/huet-s-1/microSysMics/16S/fastq/Seed-PBS-a_S55.16S.R2.fq,reverse
Seed_PBS_b,/sandbox/users/huet-s-1/microSysMics/16S/fastq/Seed-PBS-b_S63.16S.R1.fq,forward
Seed_PBS_b,/sandbox/users/huet-s-1/microSysMics/16S/fastq/Seed-PBS-b_S63.16S.R2.fq,reverse
Seed_PBS_c,/sandbox/users/huet-s-1/microSysMics/16S/fastq/Seed-PBS-c_S71.16S.R1.fq,forward
Seed_PBS_c,/sandbox/users/huet-s-1/microSysMics/16S/fastq/Seed-PBS-c_S71.16S.R2.fq,reverse
Seed_Pram_120_a,/sandbox/users/huet-s-1/microSysMics/16S/fastq/Seed-Pram-120-a_S32.16S.R1.fq,forward
Seed_Pram_120_a,/sandbox/users/huet-s-1/microSysMics/16S/fastq/Seed-Pram-120-a_S32.16S.R2.fq,reverse
Seed_Pram_120_b,/sandbox/users/huet-s-1/microSysMics/16S/fastq/Seed-Pram-120-b_S40.16S.R1.fq,forward
Seed_Pram_120_b,/sandbox/users/huet-s-1/microSysMics/16S/fastq/Seed-Pram-120-b_S40.16S.R2.fq,reverse
Seed_Pram_120_c,/sandbox/users/huet-s-1/microSysMics/16S/fastq/Seed-Pram-120-c_S48.16S.R1.fq,forward
Seed_Pram_120_c,/sandbox/users/huet-s-1/microSysMics/16S/fastq/Seed-Pram-120-c_S48.16S.R2.fq,reverse
Seed_Pram_120_d_a,/sandbox/users/huet-s-1/microSysMics/16S/fastq/Seed-Pram-120-d-a_S56.16S.R1.fq,forward
Seed_Pram_120_d_a,/sandbox/users/huet-s-1/microSysMics/16S/fastq/Seed-Pram-120-d-a_S56.16S.R2.fq,reverse
Seed_Pram_120_d_b,/sandbox/users/huet-s-1/microSysMics/16S/fastq/Seed-Pram-120-d-b_S64.16S.R1.fq,forward
Seed_Pram_120_d_b,/sandbox/users/huet-s-1/microSysMics/16S/fastq/Seed-Pram-120-d-b_S64.16S.R2.fq,reverse
Seed_Pram_120_d_c,/sandbox/users/huet-s-1/microSysMics/16S/fastq/Seed-Pram-120-d-c_S72.16S.R1.fq,forward
Seed_Pram_120_d_c,/sandbox/users/huet-s-1/microSysMics/16S/fastq/Seed-Pram-120-d-c_S72.16S.R2.fq,reverse
Soil_Control_a,/sandbox/users/huet-s-1/microSysMics/16S/fastq/Soil-Control-a_S154.16S.R1.fq,forward
Soil_Control_a,/sandbox/users/huet-s-1/microSysMics/16S/fastq/Soil-Control-a_S154.16S.R2.fq,reverse
Soil_Mock_a,/sandbox/users/huet-s-1/microSysMics/16S/fastq/Soil-Mock-a_S136.16S.R1.fq,forward
Soil_Mock_a,/sandbox/users/huet-s-1/microSysMics/16S/fastq/Soil-Mock-a_S136.16S.R2.fq,reverse
Soil_P2S1_a,/sandbox/users/huet-s-1/microSysMics/16S/fastq/Soil-P2S1-a_S95.16S.R1.fq,forward
Soil_P2S1_a,/sandbox/users/huet-s-1/microSysMics/16S/fastq/Soil-P2S1-a_S95.16S.R2.fq,reverse
Soil_P2S1_b,/sandbox/users/huet-s-1/microSysMics/16S/fastq/Soil-P2S1-b_S101.16S.R1.fq,forward
Soil_P2S1_b,/sandbox/users/huet-s-1/microSysMics/16S/fastq/Soil-P2S1-b_S101.16S.R2.fq,reverse
Soil_P2S1_c,/sandbox/users/huet-s-1/microSysMics/16S/fastq/Soil-P2S1-c_S107.16S.R1.fq,forward
Soil_P2S1_c,/sandbox/users/huet-s-1/microSysMics/16S/fastq/Soil-P2S1-c_S107.16S.R2.fq,reverse
Soil_P2S2_a,/sandbox/users/huet-s-1/microSysMics/16S/fastq/Soil-P2S2-a_S113.16S.R1.fq,forward
Soil_P2S2_a,/sandbox/users/huet-s-1/microSysMics/16S/fastq/Soil-P2S2-a_S113.16S.R2.fq,reverse
Soil_P2S2_b,/sandbox/users/huet-s-1/microSysMics/16S/fastq/Soil-P2S2-b_S119.16S.R1.fq,forward
Soil_P2S2_b,/sandbox/users/huet-s-1/microSysMics/16S/fastq/Soil-P2S2-b_S119.16S.R2.fq,reverse
Soil_P2S2_c,/sandbox/users/huet-s-1/microSysMics/16S/fastq/Soil-P2S2-c_S125.16S.R1.fq,forward
Soil_P2S2_c,/sandbox/users/huet-s-1/microSysMics/16S/fastq/Soil-P2S2-c_S125.16S.R2.fq,reverse
Soil_P2S3_a,/sandbox/users/huet-s-1/microSysMics/16S/fastq/Soil-P2S3-a_S131.16S.R1.fq,forward
Soil_P2S3_a,/sandbox/users/huet-s-1/microSysMics/16S/fastq/Soil-P2S3-a_S131.16S.R2.fq,reverse
Soil_P2S3_b,/sandbox/users/huet-s-1/microSysMics/16S/fastq/Soil-P2S3-b_S137.16S.R1.fq,forward
Soil_P2S3_b,/sandbox/users/huet-s-1/microSysMics/16S/fastq/Soil-P2S3-b_S137.16S.R2.fq,reverse
Soil_P2S3_c,/sandbox/users/huet-s-1/microSysMics/16S/fastq/Soil-P2S3-c_S143.16S.R1.fq,forward
Soil_P2S3_c,/sandbox/users/huet-s-1/microSysMics/16S/fastq/Soil-P2S3-c_S143.16S.R2.fq,reverse
Soil_P2S4_a,/sandbox/users/huet-s-1/microSysMics/16S/fastq/Soil-P2S4-a_S149.16S.R1.fq,forward
Soil_P2S4_a,/sandbox/users/huet-s-1/microSysMics/16S/fastq/Soil-P2S4-a_S149.16S.R2.fq,reverse
Soil_P2S4_b,/sandbox/users/huet-s-1/microSysMics/16S/fastq/Soil-P2S4-b_S155.16S.R1.fq,forward
Soil_P2S4_b,/sandbox/users/huet-s-1/microSysMics/16S/fastq/Soil-P2S4-b_S155.16S.R2.fq,reverse
Soil_P2S4_c,/sandbox/users/huet-s-1/microSysMics/16S/fastq/Soil-P2S4-c_S160.16S.R1.fq,forward
Soil_P2S4_c,/sandbox/users/huet-s-1/microSysMics/16S/fastq/Soil-P2S4-c_S160.16S.R2.fq,reverse
Soil_P3S1_a,/sandbox/users/huet-s-1/microSysMics/16S/fastq/Soil-P3S1-a_S96.16S.R1.fq,forward
Soil_P3S1_a,/sandbox/users/huet-s-1/microSysMics/16S/fastq/Soil-P3S1-a_S96.16S.R2.fq,reverse
Soil_P3S1_b,/sandbox/users/huet-s-1/microSysMics/16S/fastq/Soil-P3S1-b_S102.16S.R1.fq,forward
Soil_P3S1_b,/sandbox/users/huet-s-1/microSysMics/16S/fastq/Soil-P3S1-b_S102.16S.R2.fq,reverse
Soil_P3S1_c,/sandbox/users/huet-s-1/microSysMics/16S/fastq/Soil-P3S1-c_S108.16S.R1.fq,forward
Soil_P3S1_c,/sandbox/users/huet-s-1/microSysMics/16S/fastq/Soil-P3S1-c_S108.16S.R2.fq,reverse
Soil_P3S2_a,/sandbox/users/huet-s-1/microSysMics/16S/fastq/Soil-P3S2-a_S114.16S.R1.fq,forward
Soil_P3S2_a,/sandbox/users/huet-s-1/microSysMics/16S/fastq/Soil-P3S2-a_S114.16S.R2.fq,reverse
Soil_P3S2_b,/sandbox/users/huet-s-1/microSysMics/16S/fastq/Soil-P3S2-b_S120.16S.R1.fq,forward
Soil_P3S2_b,/sandbox/users/huet-s-1/microSysMics/16S/fastq/Soil-P3S2-b_S120.16S.R2.fq,reverse
Soil_P3S2_c,/sandbox/users/huet-s-1/microSysMics/16S/fastq/Soil-P3S2-c_S126.16S.R1.fq,forward
Soil_P3S2_c,/sandbox/users/huet-s-1/microSysMics/16S/fastq/Soil-P3S2-c_S126.16S.R2.fq,reverse
Soil_P3S3_a,/sandbox/users/huet-s-1/microSysMics/16S/fastq/Soil-P3S3-a_S132.16S.R1.fq,forward
Soil_P3S3_a,/sandbox/users/huet-s-1/microSysMics/16S/fastq/Soil-P3S3-a_S132.16S.R2.fq,reverse
Soil_P3S3_b,/sandbox/users/huet-s-1/microSysMics/16S/fastq/Soil-P3S3-b_S138.16S.R1.fq,forward
Soil_P3S3_b,/sandbox/users/huet-s-1/microSysMics/16S/fastq/Soil-P3S3-b_S138.16S.R2.fq,reverse
Soil_P3S3_c,/sandbox/users/huet-s-1/microSysMics/16S/fastq/Soil-P3S3-c_S144.16S.R1.fq,forward
Soil_P3S3_c,/sandbox/users/huet-s-1/microSysMics/16S/fastq/Soil-P3S3-c_S144.16S.R2.fq,reverse
Soil_P3S4_a,/sandbox/users/huet-s-1/microSysMics/16S/fastq/Soil-P3S4-a_S150.16S.R1.fq,forward
Soil_P3S4_a,/sandbox/users/huet-s-1/microSysMics/16S/fastq/Soil-P3S4-a_S150.16S.R2.fq,reverse
Soil_P3S4_b,/sandbox/users/huet-s-1/microSysMics/16S/fastq/Soil-P3S4-b_S156.16S.R1.fq,forward
Soil_P3S4_b,/sandbox/users/huet-s-1/microSysMics/16S/fastq/Soil-P3S4-b_S156.16S.R2.fq,reverse
Soil_P3S4_c,/sandbox/users/huet-s-1/microSysMics/16S/fastq/Soil-P3S4-c_S161.16S.R1.fq,forward
Soil_P3S4_c,/sandbox/users/huet-s-1/microSysMics/16S/fastq/Soil-P3S4-c_S161.16S.R2.fq,reverse
Soil_P3S5_a,/sandbox/users/huet-s-1/microSysMics/16S/fastq/Soil-P3S5-a_S97.16S.R1.fq,forward
Soil_P3S5_a,/sandbox/users/huet-s-1/microSysMics/16S/fastq/Soil-P3S5-a_S97.16S.R2.fq,reverse
Soil_P3S5_b,/sandbox/users/huet-s-1/microSysMics/16S/fastq/Soil-P3S5-b_S103.16S.R1.fq,forward
Soil_P3S5_b,/sandbox/users/huet-s-1/microSysMics/16S/fastq/Soil-P3S5-b_S103.16S.R2.fq,reverse
Soil_P3S5_c,/sandbox/users/huet-s-1/microSysMics/16S/fastq/Soil-P3S5-c_S109.16S.R1.fq,forward
Soil_P3S5_c,/sandbox/users/huet-s-1/microSysMics/16S/fastq/Soil-P3S5-c_S109.16S.R2.fq,reverse
Soil_P4S1_a,/sandbox/users/huet-s-1/microSysMics/16S/fastq/Soil-P4S1-a_S115.16S.R1.fq,forward
Soil_P4S1_a,/sandbox/users/huet-s-1/microSysMics/16S/fastq/Soil-P4S1-a_S115.16S.R2.fq,reverse
Soil_P4S1_b,/sandbox/users/huet-s-1/microSysMics/16S/fastq/Soil-P4S1-b_S121.16S.R1.fq,forward
Soil_P4S1_b,/sandbox/users/huet-s-1/microSysMics/16S/fastq/Soil-P4S1-b_S121.16S.R2.fq,reverse
Soil_P4S1_c,/sandbox/users/huet-s-1/microSysMics/16S/fastq/Soil-P4S1-c_S127.16S.R1.fq,forward
Soil_P4S1_c,/sandbox/users/huet-s-1/microSysMics/16S/fastq/Soil-P4S1-c_S127.16S.R2.fq,reverse
Soil_P4S2_a,/sandbox/users/huet-s-1/microSysMics/16S/fastq/Soil-P4S2-a_S133.16S.R1.fq,forward
Soil_P4S2_a,/sandbox/users/huet-s-1/microSysMics/16S/fastq/Soil-P4S2-a_S133.16S.R2.fq,reverse
Soil_P4S2_b,/sandbox/users/huet-s-1/microSysMics/16S/fastq/Soil-P4S2-b_S139.16S.R1.fq,forward
Soil_P4S2_b,/sandbox/users/huet-s-1/microSysMics/16S/fastq/Soil-P4S2-b_S139.16S.R2.fq,reverse
Soil_P4S2_c,/sandbox/users/huet-s-1/microSysMics/16S/fastq/Soil-P4S2-c_S145.16S.R1.fq,forward
Soil_P4S2_c,/sandbox/users/huet-s-1/microSysMics/16S/fastq/Soil-P4S2-c_S145.16S.R2.fq,reverse
Soil_P4S3_a,/sandbox/users/huet-s-1/microSysMics/16S/fastq/Soil-P4S3-a_S151.16S.R1.fq,forward
Soil_P4S3_a,/sandbox/users/huet-s-1/microSysMics/16S/fastq/Soil-P4S3-a_S151.16S.R2.fq,reverse
Soil_P4S3_b,/sandbox/users/huet-s-1/microSysMics/16S/fastq/Soil-P4S3-b_S157.16S.R1.fq,forward
Soil_P4S3_b,/sandbox/users/huet-s-1/microSysMics/16S/fastq/Soil-P4S3-b_S157.16S.R2.fq,reverse
Soil_P4S3_c,/sandbox/users/huet-s-1/microSysMics/16S/fastq/Soil-P4S3-c_S162.16S.R1.fq,forward
Soil_P4S3_c,/sandbox/users/huet-s-1/microSysMics/16S/fastq/Soil-P4S3-c_S162.16S.R2.fq,reverse
Soil_P4S4_a,/sandbox/users/huet-s-1/microSysMics/16S/fastq/Soil-P4S4-a_S98.16S.R1.fq,forward
Soil_P4S4_a,/sandbox/users/huet-s-1/microSysMics/16S/fastq/Soil-P4S4-a_S98.16S.R2.fq,reverse
Soil_P4S4_b,/sandbox/users/huet-s-1/microSysMics/16S/fastq/Soil-P4S4-b_S104.16S.R1.fq,forward
Soil_P4S4_b,/sandbox/users/huet-s-1/microSysMics/16S/fastq/Soil-P4S4-b_S104.16S.R2.fq,reverse
Soil_P4S4_c,/sandbox/users/huet-s-1/microSysMics/16S/fastq/Soil-P4S4-c_S110.16S.R1.fq,forward
Soil_P4S4_c,/sandbox/users/huet-s-1/microSysMics/16S/fastq/Soil-P4S4-c_S110.16S.R2.fq,reverse
Soil_P5S1_a,/sandbox/users/huet-s-1/microSysMics/16S/fastq/Soil-P5S1-a_S116.16S.R1.fq,forward
Soil_P5S1_a,/sandbox/users/huet-s-1/microSysMics/16S/fastq/Soil-P5S1-a_S116.16S.R2.fq,reverse
Soil_P5S1_b,/sandbox/users/huet-s-1/microSysMics/16S/fastq/Soil-P5S1-b_S122.16S.R1.fq,forward
Soil_P5S1_b,/sandbox/users/huet-s-1/microSysMics/16S/fastq/Soil-P5S1-b_S122.16S.R2.fq,reverse
Soil_P5S1_c,/sandbox/users/huet-s-1/microSysMics/16S/fastq/Soil-P5S1-c_S128.16S.R1.fq,forward
Soil_P5S1_c,/sandbox/users/huet-s-1/microSysMics/16S/fastq/Soil-P5S1-c_S128.16S.R2.fq,reverse
Soil_P5S2_a,/sandbox/users/huet-s-1/microSysMics/16S/fastq/Soil-P5S2-a_S134.16S.R1.fq,forward
Soil_P5S2_a,/sandbox/users/huet-s-1/microSysMics/16S/fastq/Soil-P5S2-a_S134.16S.R2.fq,reverse
Soil_P5S2_b,/sandbox/users/huet-s-1/microSysMics/16S/fastq/Soil-P5S2-b_S140.16S.R1.fq,forward
Soil_P5S2_b,/sandbox/users/huet-s-1/microSysMics/16S/fastq/Soil-P5S2-b_S140.16S.R2.fq,reverse
Soil_P5S2_c,/sandbox/users/huet-s-1/microSysMics/16S/fastq/Soil-P5S2-c_S146.16S.R1.fq,forward
Soil_P5S2_c,/sandbox/users/huet-s-1/microSysMics/16S/fastq/Soil-P5S2-c_S146.16S.R2.fq,reverse
Soil_P6S1_a,/sandbox/users/huet-s-1/microSysMics/16S/fastq/Soil-P6S1-a_S152.16S.R1.fq,forward
Soil_P6S1_a,/sandbox/users/huet-s-1/microSysMics/16S/fastq/Soil-P6S1-a_S152.16S.R2.fq,reverse
Soil_P6S1_b,/sandbox/users/huet-s-1/microSysMics/16S/fastq/Soil-P6S1-b_S158.16S.R1.fq,forward
Soil_P6S1_b,/sandbox/users/huet-s-1/microSysMics/16S/fastq/Soil-P6S1-b_S158.16S.R2.fq,reverse
Soil_P6S1_c,/sandbox/users/huet-s-1/microSysMics/16S/fastq/Soil-P6S1-c_S163.16S.R1.fq,forward
Soil_P6S1_c,/sandbox/users/huet-s-1/microSysMics/16S/fastq/Soil-P6S1-c_S163.16S.R2.fq,reverse
Soil_P6S2_a,/sandbox/users/huet-s-1/microSysMics/16S/fastq/Soil-P6S2-a_S99.16S.R1.fq,forward
Soil_P6S2_a,/sandbox/users/huet-s-1/microSysMics/16S/fastq/Soil-P6S2-a_S99.16S.R2.fq,reverse
Soil_P6S2_b,/sandbox/users/huet-s-1/microSysMics/16S/fastq/Soil-P6S2-b_S105.16S.R1.fq,forward
Soil_P6S2_b,/sandbox/users/huet-s-1/microSysMics/16S/fastq/Soil-P6S2-b_S105.16S.R2.fq,reverse
Soil_P6S2_c,/sandbox/users/huet-s-1/microSysMics/16S/fastq/Soil-P6S2-c_S111.16S.R1.fq,forward
Soil_P6S2_c,/sandbox/users/huet-s-1/microSysMics/16S/fastq/Soil-P6S2-c_S111.16S.R2.fq,reverse
Soil_P6S3_a,/sandbox/users/huet-s-1/microSysMics/16S/fastq/Soil-P6S3-a_S117.16S.R1.fq,forward
Soil_P6S3_a,/sandbox/users/huet-s-1/microSysMics/16S/fastq/Soil-P6S3-a_S117.16S.R2.fq,reverse
Soil_P6S3_b,/sandbox/users/huet-s-1/microSysMics/16S/fastq/Soil-P6S3-b_S123.16S.R1.fq,forward
Soil_P6S3_b,/sandbox/users/huet-s-1/microSysMics/16S/fastq/Soil-P6S3-b_S123.16S.R2.fq,reverse
Soil_P6S3_c,/sandbox/users/huet-s-1/microSysMics/16S/fastq/Soil-P6S3-c_S129.16S.R1.fq,forward
Soil_P6S3_c,/sandbox/users/huet-s-1/microSysMics/16S/fastq/Soil-P6S3-c_S129.16S.R2.fq,reverse
Soil_P7S1_a,/sandbox/users/huet-s-1/microSysMics/16S/fastq/Soil-P7S1-a_S135.16S.R1.fq,forward
Soil_P7S1_a,/sandbox/users/huet-s-1/microSysMics/16S/fastq/Soil-P7S1-a_S135.16S.R2.fq,reverse
Soil_P7S1_b,/sandbox/users/huet-s-1/microSysMics/16S/fastq/Soil-P7S1-b_S141.16S.R1.fq,forward
Soil_P7S1_b,/sandbox/users/huet-s-1/microSysMics/16S/fastq/Soil-P7S1-b_S141.16S.R2.fq,reverse
Soil_P7S1_c,/sandbox/users/huet-s-1/microSysMics/16S/fastq/Soil-P7S1-c_S147.16S.R1.fq,forward
Soil_P7S1_c,/sandbox/users/huet-s-1/microSysMics/16S/fastq/Soil-P7S1-c_S147.16S.R2.fq,reverse
Soil_P7S2_a,/sandbox/users/huet-s-1/microSysMics/16S/fastq/Soil-P7S2-a_S153.16S.R1.fq,forward
Soil_P7S2_a,/sandbox/users/huet-s-1/microSysMics/16S/fastq/Soil-P7S2-a_S153.16S.R2.fq,reverse
Soil_P7S2_b,/sandbox/users/huet-s-1/microSysMics/16S/fastq/Soil-P7S2-b_S159.16S.R1.fq,forward
Soil_P7S2_b,/sandbox/users/huet-s-1/microSysMics/16S/fastq/Soil-P7S2-b_S159.16S.R2.fq,reverse
Soil_P7S2_c,/sandbox/users/huet-s-1/microSysMics/16S/fastq/Soil-P7S2-c_S164.16S.R1.fq,forward
Soil_P7S2_c,/sandbox/users/huet-s-1/microSysMics/16S/fastq/Soil-P7S2-c_S164.16S.R2.fq,reverse
Soil_P7S3_a,/sandbox/users/huet-s-1/microSysMics/16S/fastq/Soil-P7S3-a_S100.16S.R1.fq,forward
Soil_P7S3_a,/sandbox/users/huet-s-1/microSysMics/16S/fastq/Soil-P7S3-a_S100.16S.R2.fq,reverse
Soil_P7S3_b,/sandbox/users/huet-s-1/microSysMics/16S/fastq/Soil-P7S3-b_S106.16S.R1.fq,forward
Soil_P7S3_b,/sandbox/users/huet-s-1/microSysMics/16S/fastq/Soil-P7S3-b_S106.16S.R2.fq,reverse
Soil_P7S3_c,/sandbox/users/huet-s-1/microSysMics/16S/fastq/Soil-P7S3-c_S112.16S.R1.fq,forward
Soil_P7S3_c,/sandbox/users/huet-s-1/microSysMics/16S/fastq/Soil-P7S3-c_S112.16S.R2.fq,reverse
Soil_P7S4_a,/sandbox/users/huet-s-1/microSysMics/16S/fastq/Soil-P7S4-a_S118.16S.R1.fq,forward
Soil_P7S4_a,/sandbox/users/huet-s-1/microSysMics/16S/fastq/Soil-P7S4-a_S118.16S.R2.fq,reverse
Soil_P7S4_b,/sandbox/users/huet-s-1/microSysMics/16S/fastq/Soil-P7S4-b_S124.16S.R1.fq,forward
Soil_P7S4_b,/sandbox/users/huet-s-1/microSysMics/16S/fastq/Soil-P7S4-b_S124.16S.R2.fq,reverse
Soil_P7S4_c,/sandbox/users/huet-s-1/microSysMics/16S/fastq/Soil-P7S4-c_S130.16S.R1.fq,forward
Soil_P7S4_c,/sandbox/users/huet-s-1/microSysMics/16S/fastq/Soil-P7S4-c_S130.16S.R2.fq,reverse
